epoch, batch, loss, loss_f, f_mae, f_rmse
    1,     1,         0.060299,         0.060299,         0.071158,          0.11676
    1,     2,          0.33306,          0.33306,           0.1595,          0.27441
    1,     3,           3.3856,           3.3856,          0.54633,          0.87489
    1,     4,          0.34099,          0.34099,          0.16116,          0.27765
    1,     5,          0.92436,          0.92436,           0.2587,          0.45714
    2,     1,         0.055959,         0.055959,         0.066834,          0.11248
    2,     2,          0.33753,          0.33753,          0.16064,          0.27624
    2,     3,           0.3205,           0.3205,          0.15563,          0.26918
    2,     4,           3.2142,           3.2142,          0.52469,          0.85244
    2,     5,          0.90275,          0.90275,          0.25501,          0.45177
    3,     1,          0.05964,          0.05964,         0.070589,          0.11612
    3,     2,          0.89124,          0.89124,          0.25271,          0.44888
    3,     3,          0.31369,          0.31369,          0.15661,          0.26631
    3,     4,           3.0715,           3.0715,          0.50585,          0.83331
    3,     5,          0.32485,          0.32485,          0.16334,            0.271
    4,     1,          0.30944,          0.30944,           0.1583,           0.2645
    4,     2,         0.070465,         0.070465,         0.082101,          0.12622
    4,     3,          0.84721,          0.84721,          0.24635,          0.43765
    4,     4,          0.31223,          0.31223,          0.16486,          0.26568
    4,     5,           2.8474,           2.8474,           0.4832,          0.80233
    5,     1,          0.29318,          0.29318,          0.15792,          0.25745
    5,     2,          0.29736,          0.29736,           0.1644,          0.25928
    5,     3,         0.086957,         0.086957,         0.097382,          0.14021
    5,     4,          0.78922,          0.78922,          0.24876,          0.42241
    5,     5,           2.5533,           2.5533,          0.46083,          0.75977
    6,     1,         0.096494,         0.096494,          0.10516,           0.1477
    6,     2,          0.26222,          0.26222,          0.15471,          0.24348
    6,     3,           2.2631,           2.2631,          0.43652,          0.71528
    6,     4,          0.24883,          0.24883,          0.16034,          0.23718
    6,     5,          0.73615,          0.73615,          0.25432,          0.40796
    7,     1,          0.23486,          0.23486,          0.15323,          0.23043
    7,     2,          0.21758,          0.21758,          0.15523,          0.22179
    7,     3,          0.68966,          0.68966,          0.25558,          0.39487
    7,     4,            1.468,            1.468,          0.36686,           0.5761
    7,     5,          0.12383,          0.12383,          0.11972,          0.16732
    8,     1,           1.1016,           1.1016,          0.32803,          0.49905
    8,     2,           0.1136,           0.1136,          0.11202,          0.16026
    8,     3,           0.1326,           0.1326,          0.12971,          0.17314
    8,     4,          0.12651,          0.12651,          0.12965,          0.16912
    8,     5,          0.54478,          0.54478,          0.22347,          0.35095
    9,     1,          0.40672,          0.40672,          0.20856,          0.30323
    9,     2,          0.10549,          0.10549,          0.12427,          0.15443
    9,     3,          0.46619,          0.46619,          0.20115,          0.32465
    9,     4,         0.065124,         0.065124,          0.10247,          0.12134
    9,     5,          0.35173,          0.35173,          0.18335,          0.28199
   10,     1,           0.7898,           0.7898,          0.31695,          0.42256
   10,     2,         0.047459,         0.047459,         0.084007,          0.10358
   10,     3,         0.079756,         0.079756,         0.099584,          0.13428
   10,     4,          0.47462,          0.47462,          0.19861,          0.32757
   10,     5,           0.8239,           0.8239,          0.28429,          0.43159
   11,     1,          0.17679,          0.17679,          0.13087,          0.19992
   11,     2,         0.041006,         0.041006,          0.07777,         0.096285
   11,     3,          0.42234,          0.42234,          0.21221,            0.309
   11,     4,         0.050077,         0.050077,         0.076501,           0.1064
   11,     5,          0.41795,          0.41795,          0.19907,          0.30739
   12,     1,           0.4518,           0.4518,          0.20873,           0.3196
   12,     2,           0.5217,           0.5217,          0.23809,          0.34343
   12,     3,         0.045607,         0.045607,         0.073706,          0.10154
   12,     4,          0.42002,          0.42002,          0.18051,          0.30815
   12,     5,         0.048857,         0.048857,         0.078479,           0.1051
   13,     1,          0.04531,          0.04531,         0.073989,          0.10121
   13,     2,          0.27925,          0.27925,          0.15857,          0.25126
   13,     3,         0.043356,         0.043356,         0.067081,         0.099005
   13,     4,          0.38167,          0.38167,          0.18989,          0.29375
   13,     5,          0.54478,          0.54478,          0.26329,          0.35095
   14,     1,          0.51038,          0.51038,          0.25628,          0.33969
   14,     2,         0.044334,         0.044334,          0.06663,          0.10011
   14,     3,          0.12342,          0.12342,          0.11103,          0.16704
   14,     4,          0.36906,          0.36906,          0.20719,          0.28886
   14,     5,         0.020506,         0.020506,         0.050609,         0.068087
   15,     1,          0.37694,          0.37694,          0.21016,          0.29192
   15,     2,         0.015978,         0.015978,         0.045398,         0.060102
   15,     3,         0.023242,         0.023242,         0.047546,         0.072488
   15,     4,          0.11062,          0.11062,          0.10524,          0.15814
   15,     5,          0.30741,          0.30741,          0.18146,          0.26363
   16,     1,          0.33063,          0.33063,          0.19922,           0.2734
   16,     2,          0.29772,          0.29772,          0.18028,          0.25944
   16,     3,          0.11409,          0.11409,          0.10408,          0.16061
   16,     4,         0.028445,         0.028445,         0.059785,         0.080192
   16,     5,         0.020416,         0.020416,         0.052695,         0.067939
   17,     1,         0.019226,         0.019226,         0.050361,         0.065929
   17,     2,          0.21609,          0.21609,           0.1562,          0.22103
   17,     3,          0.30909,          0.30909,          0.19602,          0.26435
   17,     4,         0.040145,         0.040145,         0.058633,         0.095268
   17,     5,          0.17342,          0.17342,          0.13369,          0.19801
   18,     1,          0.29239,          0.29239,          0.19224,          0.25711
   18,     2,          0.12878,          0.12878,          0.11813,          0.17063
   18,     3,          0.25461,          0.25461,          0.16726,          0.23992
   18,     4,         0.014494,         0.014494,         0.043656,         0.057244
   18,     5,          0.01985,          0.01985,         0.049204,         0.066989
   19,     1,          0.26081,          0.26081,          0.17838,          0.24283
   19,     2,         0.019866,         0.019866,         0.050154,         0.067018
   19,     3,         0.012306,         0.012306,         0.041054,         0.052745
   19,     4,          0.06115,          0.06115,         0.080611,          0.11758
   19,     5,          0.30205,          0.30205,           0.1817,          0.26132
   20,     1,         0.012601,         0.012601,         0.040887,         0.053374
   20,     2,          0.25337,          0.25337,          0.17137,          0.23934
   20,     3,         0.029075,         0.029075,         0.051084,         0.081076
   20,     4,          0.29491,          0.29491,          0.18978,          0.25821
   20,     5,         0.081586,         0.081586,          0.09193,          0.13581
   21,     1,           0.2896,           0.2896,            0.186,          0.25588
   21,     2,          0.16951,          0.16951,          0.14493,          0.19576
   21,     3,         0.018402,         0.018402,          0.04715,         0.064501
   21,     4,         0.043965,         0.043965,          0.06176,         0.099698
   21,     5,         0.086989,         0.086989,          0.10043,          0.14024
   22,     1,         0.082005,         0.082005,         0.097471,          0.13616
   22,     2,         0.019932,         0.019932,         0.045412,         0.067129
   22,     3,          0.20684,          0.20684,          0.15187,          0.21625
   22,     4,          0.22411,          0.22411,          0.16758,          0.22509
   22,     5,         0.018262,         0.018262,         0.045233,         0.064256
   23,     1,          0.20037,          0.20037,          0.14916,          0.21284
   23,     2,         0.014565,         0.014565,         0.038767,         0.057384
   23,     3,         0.053733,         0.053733,         0.078657,          0.11022
   23,     4,          0.24096,          0.24096,          0.17399,           0.2334
   23,     5,         0.014127,         0.014127,         0.038836,         0.056513
   24,     1,          0.22408,          0.22408,          0.16851,          0.22508
   24,     2,          0.15984,          0.15984,          0.13667,           0.1901
   24,     3,         0.022634,         0.022634,         0.053036,         0.071534
   24,     4,         0.020059,         0.020059,         0.051645,         0.067342
   24,     5,         0.051328,         0.051328,         0.082631,          0.10772
   25,     1,          0.18569,          0.18569,          0.15655,          0.20489
   25,     2,          0.16454,          0.16454,          0.14025,          0.19287
   25,     3,         0.046482,         0.046482,         0.078553,          0.10251
   25,     4,         0.022232,         0.022232,         0.052072,         0.070895
   25,     5,         0.016999,         0.016999,         0.044151,         0.061992
   26,     1,         0.037495,         0.037495,          0.06856,          0.09207
   26,     2,          0.01699,          0.01699,         0.042257,         0.061977
   26,     3,          0.15107,          0.15107,          0.13319,          0.18481
   26,     4,        0.0089927,        0.0089927,         0.033073,         0.045089
   26,     5,          0.20775,          0.20775,          0.16707,          0.21672
   27,     1,         0.014357,         0.014357,         0.042599,         0.056972
   27,     2,         0.032566,         0.032566,          0.06202,         0.085805
   27,     3,         0.013658,         0.013658,         0.039335,         0.055568
   27,     4,           0.1492,           0.1492,           0.1278,          0.18366
   27,     5,          0.17154,          0.17154,          0.15513,          0.19693
   28,     1,          0.15993,          0.15993,          0.15119,          0.19015
   28,     2,         0.026934,         0.026934,         0.056465,         0.078033
   28,     3,          0.16524,          0.16524,          0.13582,          0.19328
   28,     4,         0.026025,         0.026025,         0.066518,         0.076705
   28,     5,         0.028464,         0.028464,         0.068043,         0.080219
   29,     1,          0.13465,          0.13465,          0.12441,          0.17448
   29,     2,         0.026164,         0.026164,         0.058516,          0.07691
   29,     3,          0.16949,          0.16949,          0.15687,          0.19575
   29,     4,         0.034026,         0.034026,         0.060457,         0.087707
   29,     5,         0.015832,         0.015832,          0.04436,         0.059827
   30,     1,          0.10623,          0.10623,            0.111,          0.15497
   30,     2,         0.032349,         0.032349,         0.063719,         0.085519
   30,     3,         0.015648,         0.015648,         0.047301,         0.059479
   30,     4,         0.015029,         0.015029,         0.046254,          0.05829
   30,     5,          0.16046,          0.16046,          0.15446,          0.19047
   31,     1,           0.1123,           0.1123,          0.11114,          0.15934
   31,     2,         0.022725,         0.022725,         0.051225,         0.071678
   31,     3,         0.018381,         0.018381,         0.047821,         0.064464
   31,     4,          0.12315,          0.12315,          0.13898,          0.16686
   31,     5,          0.01872,          0.01872,         0.054444,         0.065056
   32,     1,         0.017699,         0.017699,         0.054348,         0.063256
   32,     2,         0.092347,         0.092347,          0.11945,          0.14449
   32,     3,          0.17506,          0.17506,          0.14207,          0.19894
   32,     4,           0.0313,           0.0313,         0.058098,          0.08412
   32,     5,         0.025085,         0.025085,         0.053294,         0.075308
   33,     1,         0.015878,         0.015878,         0.046273,         0.059915
   33,     2,        0.0082613,        0.0082613,           0.0338,         0.043217
   33,     3,          0.10097,          0.10097,         0.099587,          0.15109
   33,     4,         0.037813,         0.037813,         0.058968,          0.09246
   33,     5,          0.18629,          0.18629,          0.16039,          0.20522
   34,     1,         0.012289,         0.012289,          0.04202,         0.052709
   34,     2,          0.14606,          0.14606,          0.14506,          0.18172
   34,     3,         0.094552,         0.094552,          0.10314,          0.14621
   34,     4,         0.017947,         0.017947,          0.04496,         0.063699
   34,     5,        0.0086028,        0.0086028,         0.034879,         0.044101
   35,     1,         0.026131,         0.026131,         0.055463,         0.076862
   35,     2,         0.010312,         0.010312,         0.038608,         0.048285
   35,     3,          0.12541,          0.12541,          0.11928,          0.16838
   35,     4,         0.089953,         0.089953,          0.11793,          0.14261
   35,     5,         0.012175,         0.012175,         0.038918,         0.052464
   36,     1,         0.082287,         0.082287,         0.096052,          0.13639
   36,     2,          0.11215,          0.11215,          0.13329,          0.15923
   36,     3,        0.0097042,        0.0097042,           0.0353,         0.046839
   36,     4,         0.013952,         0.013952,         0.040791,         0.056163
   36,     5,         0.030142,         0.030142,          0.05343,          0.08255
   37,     1,         0.017734,         0.017734,         0.043694,         0.063319
   37,     2,         0.082989,         0.082989,         0.086138,          0.13698
   37,     3,         0.017107,         0.017107,         0.045304,         0.062189
   37,     4,         0.018449,         0.018449,         0.045529,         0.064583
   37,     5,         0.098941,         0.098941,          0.12497,          0.14956
   38,     1,         0.018523,         0.018523,         0.042289,         0.064712
   38,     2,         0.074293,         0.074293,         0.092138,           0.1296
   38,     3,        0.0090041,        0.0090041,         0.033744,         0.045118
   38,     4,        0.0087957,        0.0087957,         0.033493,         0.044593
   38,     5,         0.096252,         0.096252,          0.12377,          0.14752
   39,     1,        0.0089568,        0.0089568,         0.034812,         0.044999
   39,     2,          0.01125,          0.01125,         0.033556,         0.050432
   39,     3,         0.069487,         0.069487,          0.10648,          0.12534
   39,     4,         0.012975,         0.012975,          0.04129,         0.054162
   39,     5,          0.10591,          0.10591,          0.10789,          0.15474
   40,     1,         0.013279,         0.013279,         0.042188,         0.054791
   40,     2,         0.010125,         0.010125,         0.035597,         0.047845
   40,     3,        0.0083695,        0.0083695,         0.030463,         0.043499
   40,     4,         0.078271,         0.078271,          0.10879,          0.13302
   40,     5,         0.058519,         0.058519,         0.081388,          0.11502
   41,     1,        0.0071256,        0.0071256,         0.031374,         0.040137
   41,     2,        0.0055791,        0.0055791,         0.025597,         0.035515
   41,     3,         0.045489,         0.045489,         0.073876,          0.10141
   41,     4,         0.086365,         0.086365,          0.11492,          0.13973
   41,     5,         0.017537,         0.017537,         0.041688,         0.062966
   42,     1,         0.011367,         0.011367,         0.036159,         0.050695
   42,     2,         0.055454,         0.055454,         0.076177,          0.11197
   42,     3,         0.011823,         0.011823,         0.036393,         0.051701
   42,     4,         0.022633,         0.022633,         0.047717,         0.071533
   42,     5,         0.064065,         0.064065,         0.098571,          0.12035
   43,     1,         0.047033,         0.047033,         0.072926,          0.10312
   43,     2,        0.0037988,        0.0037988,         0.022436,         0.029306
   43,     3,         0.010321,         0.010321,         0.037579,         0.048306
   43,     4,        0.0073221,        0.0073221,          0.03326,         0.040686
   43,     5,         0.069833,         0.069833,          0.10676,          0.12565
   44,     1,        0.0082606,        0.0082606,         0.029319,         0.043215
   44,     2,         0.048126,         0.048126,         0.090023,          0.10431
   44,     3,         0.015725,         0.015725,          0.04336,         0.059625
   44,     4,         0.014861,         0.014861,         0.042223,         0.057963
   44,     5,         0.085375,         0.085375,         0.099276,          0.13893
   45,     1,        0.0093799,        0.0093799,         0.032955,          0.04605
   45,     2,        0.0079247,        0.0079247,         0.031585,         0.042327
   45,     3,        0.0072338,        0.0072338,         0.030161,          0.04044
   45,     4,          0.06038,          0.06038,         0.093708,          0.11684
   45,     5,         0.038666,         0.038666,         0.067834,         0.093497
   46,     1,         0.017662,         0.017662,         0.044741,         0.063191
   46,     2,         0.053488,         0.053488,         0.090378,          0.10997
   46,     3,        0.0051181,        0.0051181,         0.024193,         0.034016
   46,     4,         0.011734,         0.011734,         0.035748,         0.051505
   46,     5,         0.054642,         0.054642,         0.077786,          0.11115
   47,     1,         0.034384,         0.034384,         0.069542,         0.088168
   47,     2,        0.0046195,        0.0046195,         0.023817,         0.032317
   47,     3,         0.010819,         0.010819,         0.038318,         0.049457
   47,     4,        0.0093899,        0.0093899,         0.033011,         0.046075
   47,     5,         0.046442,         0.046442,         0.074272,          0.10247
   48,     1,         0.037699,         0.037699,         0.074571,          0.09232
   48,     2,         0.033692,         0.033692,         0.063965,         0.087276
   48,     3,        0.0054597,        0.0054597,         0.023152,         0.035133
   48,     4,         0.013419,         0.013419,         0.039391,         0.055079
   48,     5,         0.011834,         0.011834,         0.038346,         0.051724
   49,     1,         0.011682,         0.011682,         0.038078,         0.051391
   49,     2,          0.03832,          0.03832,          0.06743,         0.093077
   49,     3,         0.060182,         0.060182,         0.093545,          0.11664
   49,     4,        0.0039554,        0.0039554,         0.020628,         0.029904
   49,     5,         0.019793,         0.019793,         0.041295,         0.066894
   50,     1,         0.036949,         0.036949,          0.07485,         0.091397
   50,     2,          0.01002,          0.01002,         0.037301,         0.047594
   50,     3,         0.062481,         0.062481,          0.09597,          0.11885
   50,     4,         0.011079,         0.011079,         0.036906,         0.050047
   50,     5,        0.0088503,        0.0088503,         0.035135,         0.044731
   51,     1,         0.010404,         0.010404,         0.033703,           0.0485
   51,     2,         0.032856,         0.032856,         0.063287,         0.086186
   51,     3,         0.009066,         0.009066,         0.031395,         0.045273
   51,     4,          0.02899,          0.02899,         0.058708,         0.080957
   51,     5,         0.068807,         0.068807,          0.10543,          0.12472
   52,     1,        0.0053499,        0.0053499,         0.026202,         0.034778
   52,     2,         0.040568,         0.040568,         0.076026,         0.095769
   52,     3,         0.012257,         0.012257,         0.033535,          0.05264
   52,     4,         0.010951,         0.010951,         0.035858,         0.049758
   52,     5,         0.065112,         0.065112,         0.099109,          0.12133
   53,     1,         0.057543,         0.057543,         0.090175,          0.11406
   53,     2,         0.013114,         0.013114,         0.041839,          0.05445
   53,     3,         0.088836,         0.088836,         0.076727,          0.14172
   53,     4,         0.053285,         0.053285,         0.085152,          0.10976
   53,     5,         0.021499,         0.021499,         0.052471,         0.069717
   54,     1,         0.018049,         0.018049,         0.051082,         0.063879
   54,     2,         0.041097,         0.041097,         0.060416,         0.096391
   54,     3,          0.10025,          0.10025,          0.12053,          0.15055
   54,     4,         0.017526,         0.017526,          0.04094,         0.062947
   54,     5,         0.053175,         0.053175,         0.085247,          0.10964
   55,     1,         0.012152,         0.012152,         0.033833,         0.052416
   55,     2,         0.041279,         0.041279,         0.069553,         0.096604
   55,     3,         0.034352,         0.034352,         0.069768,         0.088127
   55,     4,         0.016175,         0.016175,         0.044337,         0.060471
   55,     5,         0.017938,         0.017938,         0.041423,         0.063683
   56,     1,        0.0046321,        0.0046321,         0.025693,         0.032361
   56,     2,         0.012084,         0.012084,         0.034064,         0.052268
   56,     3,         0.033372,         0.033372,         0.059208,          0.08686
   56,     4,        0.0049452,        0.0049452,         0.027109,         0.033437
   56,     5,         0.043849,         0.043849,         0.077536,         0.099566
   57,     1,          0.03428,          0.03428,         0.069738,         0.088034
   57,     2,        0.0073055,        0.0073055,         0.028638,          0.04064
   57,     3,         0.011214,         0.011214,         0.038592,         0.050352
   57,     4,         0.023998,         0.023998,         0.043855,         0.073657
   57,     5,         0.059781,         0.059781,         0.085176,          0.11626
   58,     1,         0.032989,         0.032989,         0.065976,         0.086361
   58,     2,         0.033835,         0.033835,         0.064603,         0.087461
   58,     3,         0.020452,         0.020452,         0.047553,         0.067999
   58,     4,         0.007641,         0.007641,         0.033265,         0.041563
   58,     5,        0.0088288,        0.0088288,         0.032504,         0.044677
   59,     1,         0.046026,         0.046026,         0.078813,          0.10201
   59,     2,         0.012201,         0.012201,         0.039796,          0.05252
   59,     3,         0.051598,         0.051598,         0.082639,          0.10801
   59,     4,        0.0050289,        0.0050289,         0.021939,         0.033718
   59,     5,         0.008228,         0.008228,         0.027451,          0.04313
   60,     1,        0.0058421,        0.0058421,         0.021473,         0.036343
   60,     2,         0.049599,         0.049599,          0.07716,          0.10589
   60,     3,         0.030512,         0.030512,         0.067405,         0.083055
   60,     4,        0.0047503,        0.0047503,          0.02531,         0.032771
   60,     5,        0.0091663,        0.0091663,         0.032312,         0.045523
   61,     1,         0.025253,         0.025253,         0.058428,         0.075559
   61,     2,        0.0048903,        0.0048903,          0.02391,         0.033251
   61,     3,         0.022441,         0.022441,         0.050574,         0.071229
   61,     4,         0.019613,         0.019613,         0.044743,         0.066588
   61,     5,         0.049309,         0.049309,         0.085814,          0.10558
   62,     1,        0.0023828,        0.0023828,         0.017993,          0.02321
   62,     2,         0.028468,         0.028468,         0.056548,         0.080226
   62,     3,        0.0051859,        0.0051859,         0.024247,         0.034241
   62,     4,         0.035462,         0.035462,         0.067567,         0.089539
   62,     5,         0.025222,         0.025222,         0.047116,         0.075513
   63,     1,          0.03258,          0.03258,         0.064679,         0.085824
   63,     2,        0.0064451,        0.0064451,         0.022699,         0.038172
   63,     3,        0.0081346,        0.0081346,         0.031733,         0.042884
   63,     4,         0.026685,         0.026685,         0.047521,         0.077673
   63,     5,         0.045915,         0.045915,         0.077983,          0.10188
   64,     1,         0.033745,         0.033745,         0.070162,         0.087345
   64,     2,        0.0057709,        0.0057709,         0.027764,          0.03612
   64,     3,         0.035918,         0.035918,         0.065693,         0.090112
   64,     4,         0.023897,         0.023897,         0.046609,         0.073503
   64,     5,         0.011139,         0.011139,         0.038675,         0.050182
   65,     1,        0.0086804,        0.0086804,         0.034277,           0.0443
   65,     2,        0.0049598,        0.0049598,         0.024262,         0.033486
   65,     3,         0.020096,         0.020096,         0.039676,         0.067405
   65,     4,         0.046811,         0.046811,         0.076527,          0.10287
   65,     5,         0.050989,         0.050989,          0.08133,          0.10737
   66,     1,         0.014216,         0.014216,         0.046837,         0.056691
   66,     2,         0.018707,         0.018707,         0.049943,         0.065033
   66,     3,         0.044552,         0.044552,           0.0784,          0.10036
   66,     4,         0.020036,         0.020036,         0.045787,         0.067304
   66,     5,         0.042077,         0.042077,         0.078065,         0.097533
   67,     1,         0.026011,         0.026011,         0.062717,         0.076685
   67,     2,        0.0097883,        0.0097883,         0.040243,         0.047042
   67,     3,         0.035621,         0.035621,         0.057728,          0.08974
   67,     4,         0.019564,         0.019564,         0.045717,         0.066506
   67,     5,          0.08322,          0.08322,         0.098714,          0.13717
   68,     1,         0.029441,         0.029441,         0.064458,         0.081585
   68,     2,        0.0066026,        0.0066026,         0.023515,         0.038636
   68,     3,        0.0061811,        0.0061811,          0.02549,         0.037382
   68,     4,        0.0045992,        0.0045992,          0.02248,         0.032246
   68,     5,         0.028043,         0.028043,           0.0648,         0.079624
   69,     1,         0.025418,         0.025418,         0.061972,         0.075806
   69,     2,        0.0093813,        0.0093813,         0.032244,         0.046053
   69,     3,          0.01906,          0.01906,         0.043821,         0.065643
   69,     4,        0.0097943,        0.0097943,         0.037485,         0.047056
   69,     5,         0.027667,         0.027667,         0.062103,         0.079088
   70,     1,        0.0058331,        0.0058331,         0.029208,         0.036314
   70,     2,         0.032644,         0.032644,         0.057041,         0.085908
   70,     3,        0.0068514,        0.0068514,         0.026341,         0.039357
   70,     4,         0.083189,         0.083189,          0.10166,          0.13714
   70,     5,         0.024216,         0.024216,         0.060568,         0.073992
   71,     1,        0.0095255,        0.0095255,         0.037132,         0.046406
   71,     2,         0.024717,         0.024717,         0.056238,         0.074753
   71,     3,         0.030574,         0.030574,         0.056141,         0.083139
   71,     4,         0.023287,         0.023287,         0.049733,         0.072558
   71,     5,         0.057269,         0.057269,         0.094233,          0.11379
   72,     1,        0.0070563,        0.0070563,         0.032811,         0.039941
   72,     2,         0.030692,         0.030692,         0.067225,           0.0833
   72,     3,        0.0052864,        0.0052864,         0.028176,         0.034571
   72,     4,         0.029106,         0.029106,         0.058937,         0.081119
   72,     5,        0.0031454,        0.0031454,         0.018595,         0.026667
   73,     1,          0.03543,          0.03543,         0.065057,         0.089499
   73,     2,         0.010012,         0.010012,          0.03191,         0.047576
   73,     3,         0.012726,         0.012726,         0.036125,         0.053638
   73,     4,         0.024196,         0.024196,         0.052492,         0.073961
   73,     5,        0.0091359,        0.0091359,         0.026471,         0.045447
   74,     1,         0.016519,         0.016519,         0.049883,         0.061112
   74,     2,         0.003458,         0.003458,          0.02243,          0.02796
   74,     3,         0.025675,         0.025675,          0.05994,         0.076189
   74,     4,         0.006332,         0.006332,         0.028884,         0.037836
   74,     5,        0.0087128,        0.0087128,         0.028097,         0.044382
   75,     1,        0.0048143,        0.0048143,         0.022022,         0.032991
   75,     2,         0.015893,         0.015893,         0.045824,         0.059943
   75,     3,         0.018746,         0.018746,         0.048887,         0.065101
   75,     4,        0.0049508,        0.0049508,         0.023412,         0.033456
   75,     5,         0.026098,         0.026098,         0.040577,         0.076812
   76,     1,        0.0026733,        0.0026733,         0.018552,         0.024584
   76,     2,        0.0018253,        0.0018253,         0.015972,         0.020314
   76,     3,         0.014057,         0.014057,         0.042624,         0.056373
   76,     4,         0.021324,         0.021324,         0.052931,         0.069434
   76,     5,        0.0050042,        0.0050042,         0.021556,         0.033636
   77,     1,        0.0070884,        0.0070884,         0.025284,         0.040032
   77,     2,         0.016266,         0.016266,         0.046946,         0.060641
   77,     3,         0.017648,         0.017648,          0.04938,         0.063166
   77,     4,        0.0035648,        0.0035648,         0.022233,         0.028389
   77,     5,        0.0040202,        0.0040202,          0.01957,         0.030148
   78,     1,         0.015128,         0.015128,         0.044295,         0.058481
   78,     2,         0.003109,         0.003109,         0.020989,         0.026512
   78,     3,        0.0026092,        0.0026092,          0.01713,         0.024288
   78,     4,        0.0090192,        0.0090192,         0.028323,         0.045156
   78,     5,         0.017794,         0.017794,         0.049139,         0.063426
   79,     1,        0.0026474,        0.0026474,         0.018001,         0.024465
   79,     2,        0.0028537,        0.0028537,         0.017586,           0.0254
   79,     3,         0.012388,         0.012388,         0.042651,         0.052922
   79,     4,         0.014027,         0.014027,         0.041451,         0.056314
   79,     5,          0.00986,          0.00986,         0.022755,         0.047214
   80,     1,          0.00336,          0.00336,         0.021291,         0.027561
   80,     2,        0.0055927,        0.0055927,         0.021277,         0.035558
   80,     3,         0.010664,         0.010664,         0.037324,         0.049101
   80,     4,         0.013963,         0.013963,         0.043619,         0.056185
   80,     5,         0.010718,         0.010718,         0.027138,         0.049225
   81,     1,        0.0017504,        0.0017504,           0.0155,         0.019893
   81,     2,        0.0098818,        0.0098818,         0.035954,         0.047266
   81,     3,        0.0062134,        0.0062134,         0.022515,          0.03748
   81,     4,         0.019366,         0.019366,         0.051035,         0.066169
   81,     5,        0.0073671,        0.0073671,         0.025347,         0.040811
   82,     1,          0.01396,          0.01396,         0.043426,         0.056178
   82,     2,         0.012689,         0.012689,         0.042335,         0.053561
   82,     3,        0.0034268,        0.0034268,         0.020664,         0.027834
   82,     4,        0.0062599,        0.0062599,         0.025827,          0.03762
   82,     5,         0.003506,         0.003506,         0.019475,         0.028154
   83,     1,        0.0046713,        0.0046713,         0.019165,         0.032497
   83,     2,         0.010112,         0.010112,         0.035932,         0.047812
   83,     3,        0.0032798,        0.0032798,         0.018821,         0.027231
   83,     4,        0.0077358,        0.0077358,         0.024898,          0.04182
   83,     5,         0.012736,         0.012736,         0.042194,          0.05366
   84,     1,        0.0081341,        0.0081341,         0.034891,         0.042883
   84,     2,        0.0030185,        0.0030185,         0.019379,         0.026123
   84,     3,        0.0065189,        0.0065189,         0.026078,          0.03839
   84,     4,        0.0098707,        0.0098707,         0.036186,          0.04724
   84,     5,        0.0060208,        0.0060208,         0.021487,         0.036894
   85,     1,        0.0023653,        0.0023653,         0.017993,         0.023125
   85,     2,        0.0089402,        0.0089402,         0.032487,         0.044958
   85,     3,         0.014543,         0.014543,         0.042304,         0.057341
   85,     4,         0.003521,         0.003521,         0.020651,         0.028214
   85,     5,        0.0086521,        0.0086521,         0.028805,         0.044227
   86,     1,         0.010691,         0.010691,         0.036779,         0.049163
   86,     2,        0.0031975,        0.0031975,         0.021147,         0.026886
   86,     3,        0.0095029,        0.0095029,          0.03471,         0.046351
   86,     4,        0.0030605,        0.0030605,         0.016233,         0.026304
   86,     5,        0.0081751,        0.0081751,         0.029371,         0.042991
   87,     1,        0.0088495,        0.0088495,         0.033633,         0.044729
   87,     2,        0.0015856,        0.0015856,          0.01495,         0.018933
   87,     3,        0.0033478,        0.0033478,         0.018256,         0.027511
   87,     4,        0.0086374,        0.0086374,          0.03505,          0.04419
   87,     5,        0.0054084,        0.0054084,         0.021075,         0.034968
   88,     1,        0.0090116,        0.0090116,         0.033984,         0.045137
   88,     2,        0.0028706,        0.0028706,         0.014603,         0.025475
   88,     3,        0.0030551,        0.0030551,         0.019272,         0.026281
   88,     4,        0.0081737,        0.0081737,         0.022181,         0.042987
   88,     5,        0.0083654,        0.0083654,         0.033862,         0.043488
   89,     1,        0.0052518,        0.0052518,         0.018967,         0.034458
   89,     2,        0.0020441,        0.0020441,         0.015736,         0.021497
   89,     3,        0.0088641,        0.0088641,         0.033091,         0.044766
   89,     4,        0.0082172,        0.0082172,         0.035122,         0.043101
   89,     5,         0.010444,         0.010444,         0.026597,         0.048592
   90,     1,        0.0022424,        0.0022424,         0.017159,         0.022516
   90,     2,        0.0022367,        0.0022367,         0.016932,         0.022487
   90,     3,        0.0061058,        0.0061058,         0.029549,         0.037154
   90,     4,        0.0096769,        0.0096769,         0.036136,         0.046774
   90,     5,        0.0054444,        0.0054444,          0.02343,         0.035084
   91,     1,        0.0015155,        0.0015155,         0.014554,          0.01851
   91,     2,        0.0055347,        0.0055347,         0.019283,         0.035373
   91,     3,        0.0066529,        0.0066529,         0.029856,         0.038783
   91,     4,         0.003297,         0.003297,          0.01764,         0.027302
   91,     5,         0.010582,         0.010582,         0.037822,         0.048912
   92,     1,       0.00099386,       0.00099386,          0.01154,          0.01499
   92,     2,        0.0015953,        0.0015953,         0.010879,         0.018991
   92,     3,        0.0071265,        0.0071265,         0.031212,         0.040139
   92,     4,        0.0062766,        0.0062766,         0.029455,          0.03767
   92,     5,         0.010398,         0.010398,         0.026305,         0.048485
   93,     1,        0.0069774,        0.0069774,         0.021908,         0.039717
   93,     2,        0.0076943,        0.0076943,         0.030905,         0.041708
   93,     3,        0.0072042,        0.0072042,          0.03415,         0.040358
   93,     4,        0.0032724,        0.0032724,         0.019933,           0.0272
   93,     5,         0.013871,         0.013871,         0.030359,         0.055999
   94,     1,         0.010327,         0.010327,         0.026569,         0.048318
   94,     2,        0.0046461,        0.0046461,           0.0239,          0.03241
   94,     3,          0.01044,          0.01044,          0.03727,         0.048583
   94,     4,        0.0053112,        0.0053112,         0.023793,         0.034652
   94,     5,        0.0078389,        0.0078389,         0.030841,         0.042098
   95,     1,        0.0068128,        0.0068128,         0.030646,         0.039246
   95,     2,        0.0081844,        0.0081844,         0.033695,         0.043016
   95,     3,        0.0017404,        0.0017404,         0.014735,         0.019836
   95,     4,        0.0067289,        0.0067289,         0.022701,         0.039003
   95,     5,        0.0036529,        0.0036529,         0.019849,         0.028738
   96,     1,         0.011996,         0.011996,         0.039693,         0.052078
   96,     2,         0.012626,         0.012626,         0.040058,         0.053427
   96,     3,        0.0030174,        0.0030174,          0.02054,         0.026119
   96,     4,        0.0014781,        0.0014781,         0.014277,          0.01828
   96,     5,         0.012591,         0.012591,          0.02581,         0.053353
   97,     1,         0.011143,         0.011143,         0.037424,         0.050191
   97,     2,         0.002878,         0.002878,         0.019034,         0.025508
   97,     3,         0.016753,         0.016753,         0.043949,         0.061543
   97,     4,        0.0040639,        0.0040639,         0.018994,         0.030311
   97,     5,        0.0037414,        0.0037414,         0.020333,         0.029084
   98,     1,         0.011258,         0.011258,         0.041844,         0.050449
   98,     2,        0.0015137,        0.0015137,         0.013086,         0.018499
   98,     3,         0.010992,         0.010992,         0.026715,         0.049851
   98,     4,         0.013461,         0.013461,         0.043101,         0.055166
   98,     5,        0.0032519,        0.0032519,         0.020286,         0.027115
   99,     1,        0.0039554,        0.0039554,         0.024352,         0.029904
   99,     2,        0.0019941,        0.0019941,         0.014832,         0.021233
   99,     3,         0.011272,         0.011272,         0.028553,         0.050481
   99,     4,         0.013741,         0.013741,         0.042129,         0.055737
   99,     5,        0.0022791,        0.0022791,         0.015416,         0.022699
  100,     1,        0.0014417,        0.0014417,         0.013991,         0.018054
  100,     2,        0.0050108,        0.0050108,         0.026589,         0.033658
  100,     3,        0.0077144,        0.0077144,         0.027063,         0.041762
  100,     4,        0.0034159,        0.0034159,         0.020232,          0.02779
  100,     5,        0.0086609,        0.0086609,         0.035132,          0.04425
  101,     1,        0.0066642,        0.0066642,         0.031839,         0.038815
  101,     2,        0.0058653,        0.0058653,         0.024094,         0.036415
  101,     3,        0.0097567,        0.0097567,         0.038072,         0.046966
  101,     4,        0.0073912,        0.0073912,         0.025848,         0.040878
  101,     5,        0.0043834,        0.0043834,         0.023555,          0.03148
  102,     1,        0.0052723,        0.0052723,         0.018132,         0.034525
  102,     2,        0.0071425,        0.0071425,         0.030566,         0.040184
  102,     3,        0.0026825,        0.0026825,         0.018663,         0.024626
  102,     4,         0.010023,         0.010023,         0.029711,         0.047602
  102,     5,         0.010288,         0.010288,         0.037249,         0.048228
  103,     1,        0.0060064,        0.0060064,         0.026231,          0.03685
  103,     2,        0.0092082,        0.0092082,         0.035951,         0.045627
  103,     3,         0.006163,         0.006163,         0.025955,         0.037327
  103,     4,         0.011239,         0.011239,         0.038178,         0.050408
  103,     5,         0.011698,         0.011698,         0.034767,         0.051427
  104,     1,        0.0081242,        0.0081242,         0.029305,         0.042857
  104,     2,        0.0052821,        0.0052821,         0.028161,         0.034557
  104,     3,        0.0020655,        0.0020655,         0.016323,          0.02161
  104,     4,         0.018394,         0.018394,         0.042428,         0.064487
  104,     5,         0.007758,         0.007758,         0.029239,          0.04188
  105,     1,        0.0098207,        0.0098207,         0.027741,          0.04712
  105,     2,         0.006997,         0.006997,         0.029428,         0.039773
  105,     3,         0.011305,         0.011305,         0.039824,         0.050556
  105,     4,        0.0099071,        0.0099071,          0.03865,         0.047327
  105,     5,        0.0032324,        0.0032324,         0.017707,         0.027033
  106,     1,         0.012858,         0.012858,         0.042782,         0.053917
  106,     2,         0.013053,         0.013053,         0.041707,         0.054324
  106,     3,        0.0049938,        0.0049938,         0.026706,           0.0336
  106,     4,        0.0073026,        0.0073026,         0.027537,         0.040632
  106,     5,        0.0035136,        0.0035136,         0.018273,         0.028184
  107,     1,        0.0073714,        0.0073714,          0.03133,         0.040823
  107,     2,        0.0079249,        0.0079249,         0.031066,         0.042328
  107,     3,        0.0099727,        0.0099727,         0.032498,         0.047483
  107,     4,        0.0024077,        0.0024077,         0.017465,         0.023331
  107,     5,        0.0089438,        0.0089438,         0.037124,         0.044967
  108,     1,        0.0043662,        0.0043662,         0.018044,         0.031418
  108,     2,        0.0042206,        0.0042206,         0.024353,          0.03089
  108,     3,        0.0072658,        0.0072658,         0.032016,          0.04053
  108,     4,        0.0025177,        0.0025177,         0.018243,         0.023858
  108,     5,        0.0055974,        0.0055974,         0.024359,         0.035573
  109,     1,        0.0018305,        0.0018305,         0.014497,         0.020343
  109,     2,        0.0063373,        0.0063373,         0.030918,         0.037851
  109,     3,        0.0057276,        0.0057276,         0.021896,         0.035985
  109,     4,        0.0089744,        0.0089744,         0.035151,         0.045044
  109,     5,        0.0061931,        0.0061931,         0.026646,         0.037419
  110,     1,        0.0012492,        0.0012492,         0.012224,         0.016806
  110,     2,        0.0042438,        0.0042438,         0.025314,         0.030975
  110,     3,        0.0034194,        0.0034194,         0.016178,         0.027804
  110,     4,         0.007186,         0.007186,         0.028215,         0.040306
  110,     5,         0.013116,         0.013116,         0.037006,         0.054454
  111,     1,        0.0083236,        0.0083236,         0.030458,          0.04338
  111,     2,        0.0052031,        0.0052031,         0.025374,         0.034297
  111,     3,        0.0087718,        0.0087718,         0.030345,         0.044532
  111,     4,         0.007204,         0.007204,         0.031991,         0.040357
  111,     5,        0.0071123,        0.0071123,          0.02887,         0.040099
  112,     1,         0.017269,         0.017269,         0.044719,         0.062483
  112,     2,        0.0072526,        0.0072526,         0.025529,         0.040493
  112,     3,        0.0055166,        0.0055166,         0.026468,         0.035316
  112,     4,         0.015696,         0.015696,         0.045139,         0.059571
  112,     5,        0.0032259,        0.0032259,          0.02108,         0.027006
  113,     1,        0.0013053,        0.0013053,         0.013898,         0.017179
  113,     2,        0.0081087,        0.0081087,         0.031685,         0.042816
  113,     3,        0.0027125,        0.0027125,         0.018724,         0.024764
  113,     4,          0.01344,          0.01344,         0.037654,         0.055123
  113,     5,         0.010662,         0.010662,         0.027171,         0.049097
  114,     1,        0.0085326,        0.0085326,         0.032158,         0.043921
  114,     2,        0.0037328,        0.0037328,         0.020937,          0.02905
  114,     3,        0.0014184,        0.0014184,         0.013946,         0.017907
  114,     4,         0.003881,         0.003881,         0.023073,         0.029621
  114,     5,        0.0039609,        0.0039609,         0.019843,         0.029925
  115,     1,        0.0042769,        0.0042769,         0.023217,         0.031095
  115,     2,         0.001968,         0.001968,         0.013655,         0.021093
  115,     3,         0.004736,         0.004736,         0.024846,         0.032722
  115,     4,        0.0080628,        0.0080628,         0.025257,         0.042695
  115,     5,        0.0020984,        0.0020984,         0.014266,         0.021781
  116,     1,        0.0044422,        0.0044422,         0.016658,          0.03169
  116,     2,        0.0048795,        0.0048795,         0.021359,         0.033214
  116,     3,        0.0072769,        0.0072769,         0.026841,          0.04056
  116,     4,        0.0040608,        0.0040608,         0.023703,         0.030299
  116,     5,        0.0045818,        0.0045818,         0.026973,         0.032185
  117,     1,        0.0043065,        0.0043065,         0.025775,         0.031203
  117,     2,        0.0025651,        0.0025651,         0.014121,         0.024082
  117,     3,         0.007793,         0.007793,         0.023136,         0.041974
  117,     4,        0.0050017,        0.0050017,         0.023549,         0.033627
  117,     5,        0.0068101,        0.0068101,         0.032204,         0.039238
  118,     1,        0.0039313,        0.0039313,           0.0199,         0.029813
  118,     2,        0.0040195,        0.0040195,         0.023557,         0.030145
  118,     3,        0.0026015,        0.0026015,         0.017749,         0.024252
  118,     4,        0.0046063,        0.0046063,         0.023355,         0.032271
  118,     5,        0.0079831,        0.0079831,         0.030288,         0.042483
  119,     1,        0.0030521,        0.0030521,         0.021553,         0.026268
  119,     2,        0.0095039,        0.0095039,         0.029303,         0.046353
  119,     3,        0.0099729,        0.0099729,         0.031897,         0.047483
  119,     4,        0.0024741,        0.0024741,         0.015487,         0.023651
  119,     5,        0.0042108,        0.0042108,         0.021343,         0.030854
  120,     1,        0.0058136,        0.0058136,          0.02546,         0.036254
  120,     2,        0.0064515,        0.0064515,         0.028375,         0.038191
  120,     3,        0.0072303,        0.0072303,          0.03113,         0.040431
  120,     4,        0.0015186,        0.0015186,         0.015426,         0.018529
  120,     5,        0.0049447,        0.0049447,         0.025944,         0.033435
  121,     1,        0.0054998,        0.0054998,         0.025817,         0.035262
  121,     2,        0.0037544,        0.0037544,         0.021601,         0.029134
  121,     3,        0.0015599,        0.0015599,         0.014469,         0.018779
  121,     4,        0.0085036,        0.0085036,         0.023783,         0.043846
  121,     5,         0.005049,         0.005049,         0.024349,         0.033786
  122,     1,        0.0024074,        0.0024074,         0.016398,         0.023329
  122,     2,         0.005566,         0.005566,         0.021558,         0.035473
  122,     3,        0.0042816,        0.0042816,         0.025507,         0.031113
  122,     4,        0.0031419,        0.0031419,         0.018833,         0.026652
  122,     5,        0.0021188,        0.0021188,         0.018176,         0.021886
  123,     1,         0.001354,         0.001354,         0.012802,         0.017496
  123,     2,        0.0054236,        0.0054236,         0.028217,         0.035017
  123,     3,        0.0017571,        0.0017571,         0.015468,         0.019931
  123,     4,         0.010869,         0.010869,         0.028601,         0.049571
  123,     5,        0.0046225,        0.0046225,         0.024443,         0.032327
  124,     1,        0.0049747,        0.0049747,         0.024764,         0.033536
  124,     2,        0.0027932,        0.0027932,         0.018733,         0.025129
  124,     3,        0.0046404,        0.0046404,         0.024923,          0.03239
  124,     4,        0.0048432,        0.0048432,         0.023054,          0.03309
  124,     5,        0.0056003,        0.0056003,         0.023116,         0.035583
  125,     1,        0.0060188,        0.0060188,         0.028312,         0.036888
  125,     2,         0.013532,         0.013532,         0.042706,         0.055311
  125,     3,        0.0028105,        0.0028105,         0.015559,         0.025207
  125,     4,        0.0092645,        0.0092645,         0.029534,         0.045766
  125,     5,        0.0022398,        0.0022398,         0.016377,         0.022503
  126,     1,         0.012929,         0.012929,         0.041679,         0.054064
  126,     2,        0.0054643,        0.0054643,         0.019274,         0.035148
  126,     3,        0.0072537,        0.0072537,         0.028155,         0.040496
  126,     4,         0.010826,         0.010826,         0.032089,         0.049472
  126,     5,        0.0036249,        0.0036249,         0.022439,         0.028627
  127,     1,        0.0021989,        0.0021989,         0.017555,         0.022296
  127,     2,         0.010071,         0.010071,         0.029611,         0.047715
  127,     3,        0.0042789,        0.0042789,          0.02514,         0.031103
  127,     4,        0.0069813,        0.0069813,         0.026627,         0.039728
  127,     5,        0.0054181,        0.0054181,         0.024209,         0.034999
  128,     1,         0.007026,         0.007026,         0.029079,         0.039855
  128,     2,        0.0044493,        0.0044493,          0.02284,         0.031716
  128,     3,        0.0063894,        0.0063894,         0.024803,         0.038007
  128,     4,        0.0042991,        0.0042991,         0.024362,         0.031176
  128,     5,        0.0046904,        0.0046904,         0.024355,         0.032564
  129,     1,        0.0065185,        0.0065185,         0.029314,         0.038389
  129,     2,        0.0078019,        0.0078019,         0.030268,         0.041998
  129,     3,        0.0013413,        0.0013413,         0.013625,         0.017414
  129,     4,        0.0084994,        0.0084994,         0.028615,         0.043835
  129,     5,        0.0085152,        0.0085152,         0.032782,         0.043876
  130,     1,          0.00242,          0.00242,         0.016959,          0.02339
  130,     2,        0.0039814,        0.0039814,         0.022994,         0.030002
  130,     3,        0.0034525,        0.0034525,         0.021243,         0.027938
  130,     4,        0.0092119,        0.0092119,         0.027968,         0.045636
  130,     5,        0.0034823,        0.0034823,         0.020273,         0.028059
  131,     1,         0.006508,         0.006508,         0.029456,         0.038358
  131,     2,        0.0050175,        0.0050175,         0.018452,          0.03368
  131,     3,        0.0084701,        0.0084701,          0.03146,          0.04376
  131,     4,        0.0044538,        0.0044538,         0.018201,         0.031732
  131,     5,        0.0040995,        0.0040995,         0.018578,         0.030444
  132,     1,        0.0041866,        0.0041866,          0.01883,         0.030765
  132,     2,        0.0036563,        0.0036563,         0.019072,         0.028751
  132,     3,         0.006212,         0.006212,         0.022707,         0.037475
  132,     4,        0.0096258,        0.0096258,         0.035431,          0.04665
  132,     5,         0.015046,         0.015046,         0.038838,         0.058324
  133,     1,        0.0055674,        0.0055674,         0.026665,         0.035478
  133,     2,        0.0086468,        0.0086468,         0.034385,         0.044214
  133,     3,         0.014431,         0.014431,         0.036921,         0.057118
  133,     4,        0.0026287,        0.0026287,         0.019254,         0.024378
  133,     5,         0.010034,         0.010034,         0.032546,         0.047628
  134,     1,        0.0042933,        0.0042933,         0.021411,         0.031155
  134,     2,         0.008555,         0.008555,         0.026118,         0.043979
  134,     3,         0.036997,         0.036997,         0.062303,         0.091457
  134,     4,         0.021227,         0.021227,         0.051565,         0.069276
  134,     5,           0.0121,           0.0121,         0.038397,         0.052302
  135,     1,         0.025381,         0.025381,         0.052068,         0.075751
  135,     2,         0.016898,         0.016898,         0.039908,         0.061808
  135,     3,         0.044834,         0.044834,         0.071195,          0.10068
  135,     4,         0.022546,         0.022546,         0.051527,         0.071395
  135,     5,         0.047778,         0.047778,         0.083155,          0.10393
  136,     1,         0.027861,         0.027861,         0.064006,         0.079366
  136,     2,         0.022206,         0.022206,         0.056125,         0.070854
  136,     3,         0.028881,         0.028881,         0.056699,         0.080805
  136,     4,         0.014729,         0.014729,         0.035369,         0.057705
  136,     5,         0.016101,         0.016101,         0.039704,         0.060334
  137,     1,         0.051605,         0.051605,         0.082847,          0.10801
  137,     2,         0.073524,         0.073524,          0.09516,          0.12893
  137,     3,         0.013419,         0.013419,          0.03834,          0.05508
  137,     4,        0.0089574,        0.0089574,         0.034279,         0.045001
  137,     5,         0.023036,         0.023036,         0.050331,         0.072166
  138,     1,         0.012073,         0.012073,         0.040523,         0.052243
  138,     2,        0.0046658,        0.0046658,         0.024319,         0.032478
  138,     3,         0.015344,         0.015344,         0.042368,         0.058899
  138,     4,          0.11378,          0.11378,           0.1108,          0.16038
  138,     5,          0.10584,          0.10584,         0.090912,          0.15469
  139,     1,         0.022909,         0.022909,         0.055829,         0.071967
  139,     2,         0.018904,         0.018904,         0.052157,         0.065375
  139,     3,         0.027228,         0.027228,         0.059223,         0.078458
  139,     4,         0.019972,         0.019972,         0.045464,         0.067197
  139,     5,         0.032763,         0.032763,         0.067865,         0.086064
  140,     1,          0.01086,          0.01086,         0.038681,         0.049551
  140,     2,         0.013568,         0.013568,         0.040294,         0.055384
  140,     3,         0.026867,         0.026867,          0.06195,         0.077936
  140,     4,         0.014411,         0.014411,         0.044192,         0.057079
  140,     5,        0.0081433,        0.0081433,         0.033675,         0.042907
  141,     1,         0.016916,         0.016916,         0.045165,         0.061842
  141,     2,         0.010217,         0.010217,         0.034748,         0.048061
  141,     3,         0.011748,         0.011748,          0.03499,         0.051536
  141,     4,         0.017369,         0.017369,         0.047262,         0.062665
  141,     5,         0.011408,         0.011408,         0.035915,         0.050785
  142,     1,         0.010153,         0.010153,         0.039197,         0.047909
  142,     2,        0.0059363,        0.0059363,         0.029273,         0.036634
  142,     3,         0.016787,         0.016787,         0.045978,         0.061606
  142,     4,         0.043568,         0.043568,         0.062723,         0.099246
  142,     5,         0.010859,         0.010859,         0.031187,         0.049548
  143,     1,        0.0071729,        0.0071729,         0.025873,          0.04027
  143,     2,        0.0082871,        0.0082871,         0.033185,         0.043285
  143,     3,         0.014509,         0.014509,          0.04326,         0.057274
  143,     4,         0.050008,         0.050008,         0.074784,          0.10633
  143,     5,          0.01866,          0.01866,         0.041757,         0.064952
  144,     1,         0.010183,         0.010183,         0.030832,         0.047981
  144,     2,        0.0075397,        0.0075397,         0.028983,         0.041286
  144,     3,         0.019721,         0.019721,         0.043387,         0.066773
  144,     4,         0.034552,         0.034552,          0.06165,         0.088383
  144,     5,         0.023254,         0.023254,          0.06105,         0.072507
  145,     1,        0.0095317,        0.0095317,         0.035861,         0.046421
  145,     2,        0.0061594,        0.0061594,         0.028803,         0.037316
  145,     3,         0.022038,         0.022038,         0.050027,         0.070586
  145,     4,        0.0092906,        0.0092906,         0.034043,          0.04583
  145,     5,         0.017774,         0.017774,         0.039078,         0.063391
  146,     1,        0.0015923,        0.0015923,         0.014766,         0.018973
  146,     2,         0.060453,         0.060453,         0.080687,          0.11691
  146,     3,        0.0023265,        0.0023265,         0.018251,         0.022934
  146,     4,        0.0021777,        0.0021777,         0.015754,         0.022189
  146,     5,         0.012429,         0.012429,         0.040855,         0.053009
  147,     1,         0.025729,         0.025729,         0.049145,         0.076268
  147,     2,         0.010504,         0.010504,          0.03203,         0.048731
  147,     3,        0.0031182,        0.0031182,         0.022359,         0.026551
  147,     4,         0.048884,         0.048884,         0.065282,          0.10513
  147,     5,         0.010704,         0.010704,         0.036419,         0.049193
  148,     1,        0.0024456,        0.0024456,           0.0162,         0.023514
  148,     2,        0.0034186,        0.0034186,         0.019125,         0.027801
  148,     3,        0.0077663,        0.0077663,         0.027365,         0.041902
  148,     4,         0.026398,         0.026398,         0.054465,         0.077254
  148,     5,          0.02099,          0.02099,         0.049198,         0.068887
  149,     1,        0.0021101,        0.0021101,         0.013081,         0.021841
  149,     2,       0.00097716,       0.00097716,         0.012055,         0.014863
  149,     3,        0.0071705,        0.0071705,          0.02913,         0.040263
  149,     4,        0.0091057,        0.0091057,         0.038611,         0.045372
  149,     5,        0.0033161,        0.0033161,         0.019213,         0.027381
  150,     1,        0.0051623,        0.0051623,         0.020912,         0.034163
  150,     2,          0.00798,          0.00798,         0.034075,         0.042475
  150,     3,        0.0035967,        0.0035967,         0.019301,         0.028516
  150,     4,        0.0060634,        0.0060634,         0.021905,         0.037024
  150,     5,         0.011482,         0.011482,         0.038468,         0.050949
  151,     1,         0.001879,         0.001879,         0.014928,         0.020611
  151,     2,        0.0051037,        0.0051037,         0.026173,         0.033968
  151,     3,        0.0082125,        0.0082125,         0.025221,         0.043089
  151,     4,        0.0050398,        0.0050398,         0.024744,         0.033755
  151,     5,        0.0081272,        0.0081272,         0.036505,         0.042865
  152,     1,        0.0033335,        0.0033335,         0.018239,         0.027453
  152,     2,        0.0086241,        0.0086241,         0.028307,         0.044156
  152,     3,        0.0071803,        0.0071803,          0.02312,         0.040291
  152,     4,        0.0067788,        0.0067788,         0.030445,         0.039148
  152,     5,         0.023312,         0.023312,         0.046109,         0.072597
  153,     1,        0.0064437,        0.0064437,         0.019563,         0.038168
  153,     2,        0.0062713,        0.0062713,         0.026136,         0.037654
  153,     3,        0.0067129,        0.0067129,         0.029856,         0.038957
  153,     4,         0.014598,         0.014598,         0.034896,         0.057449
  153,     5,         0.018532,         0.018532,         0.048317,         0.064728
  154,     1,         0.010519,         0.010519,         0.036314,         0.048767
  154,     2,        0.0062177,        0.0062177,         0.024613,         0.037493
  154,     3,         0.009214,         0.009214,          0.03151,         0.045641
  154,     4,         0.018539,         0.018539,         0.050796,         0.064741
  154,     5,         0.018099,         0.018099,         0.045092,         0.063967
  155,     1,        0.0083319,        0.0083319,         0.032996,         0.043401
  155,     2,         0.006942,         0.006942,         0.028653,         0.039616
  155,     3,        0.0080744,        0.0080744,         0.032694,         0.042725
  155,     4,         0.010725,         0.010725,         0.030125,         0.049242
  155,     5,        0.0065998,        0.0065998,         0.028301,         0.038628
  156,     1,         0.012422,         0.012422,         0.042076,         0.052994
  156,     2,        0.0068005,        0.0068005,         0.029832,          0.03921
  156,     3,         0.016168,         0.016168,         0.044252,         0.060458
  156,     4,        0.0064793,        0.0064793,         0.023193,         0.038273
  156,     5,         0.014299,         0.014299,         0.040463,         0.056857
  157,     1,        0.0057018,        0.0057018,         0.029568,         0.035904
  157,     2,         0.018972,         0.018972,         0.048617,         0.065492
  157,     3,         0.015047,         0.015047,         0.045467,         0.058325
  157,     4,         0.015382,         0.015382,         0.034088,          0.05897
  157,     5,        0.0070979,        0.0070979,         0.025658,         0.040059
  158,     1,        0.0076727,        0.0076727,         0.027992,         0.041649
  158,     2,         0.014169,         0.014169,            0.042,         0.056597
  158,     3,        0.0095954,        0.0095954,         0.028129,         0.046576
  158,     4,         0.007995,         0.007995,         0.029118,         0.042515
  158,     5,         0.014973,         0.014973,         0.043663,         0.058182
  159,     1,         0.007001,         0.007001,         0.022607,         0.039784
  159,     2,        0.0042687,        0.0042687,          0.02111,         0.031065
  159,     3,        0.0063386,        0.0063386,         0.026521,         0.037856
  159,     4,         0.009942,         0.009942,         0.037385,          0.04741
  159,     5,          0.01188,          0.01188,         0.041268,         0.051824
  160,     1,        0.0016257,        0.0016257,          0.01195,         0.019171
  160,     2,        0.0020375,        0.0020375,         0.011996,         0.021462
  160,     3,        0.0040043,        0.0040043,         0.021367,         0.030088
  160,     4,        0.0079608,        0.0079608,          0.03236,         0.042424
  160,     5,        0.0061137,        0.0061137,         0.019528,         0.037178
  161,     1,        0.0053582,        0.0053582,         0.027612,         0.034805
  161,     2,        0.0036854,        0.0036854,          0.01774,         0.028865
  161,     3,        0.0010287,        0.0010287,         0.011089,          0.01525
  161,     4,        0.0062341,        0.0062341,         0.019061,         0.037542
  161,     5,        0.0056504,        0.0056504,         0.025955,         0.035741
  162,     1,        0.0038965,        0.0038965,         0.022966,          0.02968
  162,     2,        0.0021074,        0.0021074,          0.01503,         0.021828
  162,     3,        0.0048772,        0.0048772,         0.019757,         0.033206
  162,     4,        0.0033152,        0.0033152,         0.019735,         0.027377
  162,     5,        0.0095877,        0.0095877,         0.036962,         0.046557
  163,     1,        0.0025486,        0.0025486,         0.018441,         0.024004
  163,     2,        0.0021211,        0.0021211,         0.015669,         0.021899
  163,     3,         0.012137,         0.012137,         0.036384,         0.052383
  163,     4,        0.0075994,        0.0075994,         0.026495,          0.04145
  163,     5,        0.0042273,        0.0042273,           0.0224,         0.030914
  164,     1,        0.0030054,        0.0030054,         0.019738,         0.026066
  164,     2,        0.0044908,        0.0044908,         0.024068,         0.031864
  164,     3,          0.00701,          0.00701,         0.023408,          0.03981
  164,     4,         0.002359,         0.002359,          0.01612,         0.023094
  164,     5,        0.0011712,        0.0011712,         0.012078,         0.016273
  165,     1,        0.0047079,        0.0047079,         0.020288,         0.032624
  165,     2,        0.0049496,        0.0049496,         0.021517,         0.033451
  165,     3,        0.0082614,        0.0082614,          0.03268,         0.043217
  165,     4,         0.018411,         0.018411,         0.047513,         0.064516
  165,     5,        0.0012004,        0.0012004,         0.012863,         0.016474
  166,     1,        0.0045036,        0.0045036,         0.025374,         0.031909
  166,     2,        0.0072096,        0.0072096,         0.030132,         0.040373
  166,     3,        0.0028119,        0.0028119,         0.015467,         0.025214
  166,     4,        0.0020814,        0.0020814,         0.014216,         0.021693
  166,     5,        0.0065459,        0.0065459,         0.021225,          0.03847
  167,     1,       0.00087688,       0.00087688,        0.0097698,          0.01408
  167,     2,        0.0047593,        0.0047593,          0.01831,         0.032802
  167,     3,          0.01334,          0.01334,          0.03609,         0.054918
  167,     4,        0.0068356,        0.0068356,         0.025768,         0.039312
  167,     5,        0.0069357,        0.0069357,         0.033769,         0.039598
  168,     1,         0.005146,         0.005146,         0.020488,         0.034109
  168,     2,        0.0042421,        0.0042421,         0.021957,         0.030969
  168,     3,        0.0084437,        0.0084437,         0.031383,         0.043691
  168,     4,        0.0024885,        0.0024885,         0.017342,         0.023719
  168,     5,        0.0042436,        0.0042436,         0.021925,         0.030974
  169,     1,        0.0029582,        0.0029582,         0.018071,         0.025861
  169,     2,        0.0047552,        0.0047552,          0.02256,         0.032788
  169,     3,        0.0069536,        0.0069536,         0.028762,         0.039649
  169,     4,        0.0041382,        0.0041382,         0.019519,         0.030587
  169,     5,        0.0084198,        0.0084198,         0.025921,          0.04363
  170,     1,        0.0052943,        0.0052943,         0.025411,         0.034597
  170,     2,        0.0012142,        0.0012142,         0.013981,         0.016568
  170,     3,        0.0064593,        0.0064593,         0.029277,         0.038214
  170,     4,        0.0040664,        0.0040664,         0.018589,         0.030321
  170,     5,         0.004705,         0.004705,         0.019209,         0.032615
  171,     1,        0.0052866,        0.0052866,          0.02015,         0.034571
  171,     2,        0.0031878,        0.0031878,         0.020277,         0.026846
  171,     3,         0.022642,         0.022642,         0.034975,         0.071546
  171,     4,        0.0052924,        0.0052924,         0.020915,         0.034591
  171,     5,        0.0037839,        0.0037839,         0.023567,         0.029248
  172,     1,        0.0036704,        0.0036704,         0.022026,         0.028806
  172,     2,        0.0039587,        0.0039587,         0.022354,         0.029916
  172,     3,        0.0038395,        0.0038395,         0.022099,         0.029463
  172,     4,        0.0053494,        0.0053494,          0.01657,         0.034776
  172,     5,          0.02709,          0.02709,         0.034826,         0.078259
  173,     1,        0.0057395,        0.0057395,         0.026223,         0.036022
  173,     2,        0.0034038,        0.0034038,          0.01972,          0.02774
  173,     3,         0.006303,         0.006303,         0.022141,         0.037749
  173,     4,        0.0083877,        0.0083877,         0.027815,         0.043546
  173,     5,        0.0033645,        0.0033645,         0.019289,          0.02758
  174,     1,        0.0046714,        0.0046714,         0.025151,         0.032498
  174,     2,         0.023757,         0.023757,         0.037359,         0.073287
  174,     3,        0.0062479,        0.0062479,         0.025179,         0.037584
  174,     4,        0.0044784,        0.0044784,         0.020262,         0.031819
  174,     5,        0.0074317,        0.0074317,         0.033131,          0.04099
  175,     1,        0.0031246,        0.0031246,         0.017938,         0.026579
  175,     2,        0.0047848,        0.0047848,         0.020489,          0.03289
  175,     3,        0.0061738,        0.0061738,         0.023206,          0.03736
  175,     4,        0.0066885,        0.0066885,         0.027042,         0.038886
  175,     5,        0.0083528,        0.0083528,         0.034687,         0.043456
  176,     1,          0.00487,          0.00487,         0.026368,         0.033181
  176,     2,        0.0038799,        0.0038799,         0.021636,         0.029617
  176,     3,        0.0027434,        0.0027434,         0.016844,         0.024904
  176,     4,        0.0057215,        0.0057215,           0.0202,         0.035966
  176,     5,          0.01462,          0.01462,         0.040796,         0.057492
  177,     1,         0.020428,         0.020428,         0.049071,         0.067959
  177,     2,        0.0035728,        0.0035728,         0.022802,         0.028421
  177,     3,         0.006093,         0.006093,         0.023364,         0.037115
  177,     4,         0.002518,         0.002518,         0.016369,         0.023859
  177,     5,        0.0051892,        0.0051892,         0.019993,         0.034252
  178,     1,         0.017566,         0.017566,         0.047311,         0.063018
  178,     2,        0.0024763,        0.0024763,         0.017709,         0.023661
  178,     3,         0.026657,         0.026657,         0.047268,         0.077632
  178,     4,        0.0091231,        0.0091231,         0.031015,         0.045415
  178,     5,         0.004529,         0.004529,         0.023475,         0.031999
  179,     1,        0.0045756,        0.0045756,         0.022603,         0.032163
  179,     2,         0.011808,         0.011808,         0.041931,         0.051668
  179,     3,        0.0067988,        0.0067988,         0.025974,         0.039206
  179,     4,         0.010536,         0.010536,         0.034163,         0.048806
  179,     5,        0.0035716,        0.0035716,         0.020875,         0.028416
  180,     1,        0.0043518,        0.0043518,         0.024684,         0.031366
  180,     2,        0.0088235,        0.0088235,         0.033614,         0.044663
  180,     3,         0.015678,         0.015678,         0.038748,         0.059535
  180,     4,        0.0057731,        0.0057731,         0.025458,         0.036127
  180,     5,          0.00175,          0.00175,         0.014419,          0.01989
  181,     1,        0.0053036,        0.0053036,         0.022131,         0.034627
  181,     2,        0.0022158,        0.0022158,         0.016176,         0.022382
  181,     3,         0.010034,         0.010034,         0.031473,         0.047629
  181,     4,        0.0048129,        0.0048129,         0.026463,         0.032986
  181,     5,         0.010723,         0.010723,         0.035088,         0.049237
  182,     1,        0.0058846,        0.0058846,         0.026129,         0.036475
  182,     2,        0.0025571,        0.0025571,         0.018448,         0.024044
  182,     3,        0.0049621,        0.0049621,         0.020404,         0.033494
  182,     4,        0.0046884,        0.0046884,         0.024038,         0.032557
  182,     5,         0.009509,         0.009509,          0.02986,         0.046366
  183,     1,        0.0087886,        0.0087886,         0.029206,         0.044575
  183,     2,        0.0040299,        0.0040299,         0.021272,         0.030184
  183,     3,         0.052198,         0.052198,         0.072282,          0.10863
  183,     4,        0.0090476,        0.0090476,         0.028473,         0.045227
  183,     5,        0.0074222,        0.0074222,         0.029519,         0.040964
  184,     1,         0.012537,         0.012537,          0.03472,         0.053239
  184,     2,         0.031119,         0.031119,         0.060025,         0.083878
  184,     3,        0.0074376,        0.0074376,          0.03219,         0.041006
  184,     4,        0.0039028,        0.0039028,         0.020929,         0.029704
  184,     5,        0.0024551,        0.0024551,         0.016137,          0.02356
  185,     1,        0.0053263,        0.0053263,         0.026473,         0.034701
  185,     2,        0.0016228,        0.0016228,         0.015165,         0.019154
  185,     3,        0.0089726,        0.0089726,         0.023761,         0.045039
  185,     4,         0.014274,         0.014274,          0.03583,         0.056807
  185,     5,        0.0079795,        0.0079795,         0.031208,         0.042474
  186,     1,        0.0083344,        0.0083344,          0.03135,         0.043408
  186,     2,        0.0050988,        0.0050988,          0.02217,         0.033952
  186,     3,        0.0056365,        0.0056365,         0.027654,         0.035697
  186,     4,        0.0029789,        0.0029789,         0.019745,         0.025951
  186,     5,        0.0027093,        0.0027093,          0.01748,         0.024749
  187,     1,        0.0015525,        0.0015525,         0.015205,         0.018735
  187,     2,        0.0053268,        0.0053268,         0.024666,         0.034703
  187,     3,        0.0028321,        0.0028321,         0.020144,         0.025304
  187,     4,         0.010454,         0.010454,         0.027619,         0.048614
  187,     5,        0.0039811,        0.0039811,         0.022746,         0.030001
  188,     1,        0.0034921,        0.0034921,         0.021971,         0.028098
  188,     2,        0.0038876,        0.0038876,         0.021067,         0.029646
  188,     3,        0.0012217,        0.0012217,         0.012236,          0.01662
  188,     4,          0.00356,          0.00356,         0.019099,          0.02837
  188,     5,        0.0050791,        0.0050791,          0.01823,         0.033886
  189,     1,        0.0048348,        0.0048348,         0.017366,         0.033061
  189,     2,         0.006838,         0.006838,         0.031201,         0.039318
  189,     3,        0.0046712,        0.0046712,         0.020543,         0.032497
  189,     4,        0.0033456,        0.0033456,         0.019876,         0.027502
  189,     5,        0.0027686,        0.0027686,         0.021199,         0.025018
  190,     1,        0.0031933,        0.0031933,         0.016885,         0.026869
  190,     2,        0.0067412,        0.0067412,         0.025159,         0.039039
  190,     3,         0.003272,         0.003272,         0.020229,         0.027198
  190,     4,        0.0011527,        0.0011527,        0.0099315,         0.016143
  190,     5,        0.0042451,        0.0042451,         0.024358,         0.030979
  191,     1,        0.0039734,        0.0039734,         0.017606,         0.029972
  191,     2,         0.002613,         0.002613,         0.018899,         0.024305
  191,     3,        0.0075584,        0.0075584,         0.026705,         0.041338
  191,     4,        0.0019133,        0.0019133,         0.017484,         0.020798
  191,     5,        0.0068477,        0.0068477,         0.030036,         0.039346
  192,     1,        0.0022154,        0.0022154,         0.017584,          0.02238
  192,     2,       0.00084354,       0.00084354,         0.010584,          0.01381
  192,     3,        0.0041829,        0.0041829,         0.022118,         0.030752
  192,     4,        0.0050826,        0.0050826,          0.02246,         0.033898
  192,     5,        0.0039671,        0.0039671,         0.018713,         0.029948
  193,     1,        0.0032665,        0.0032665,         0.016045,         0.027175
  193,     2,         0.005628,         0.005628,         0.027618,          0.03567
  193,     3,        0.0030118,        0.0030118,         0.020583,         0.026094
  193,     4,        0.0016679,        0.0016679,         0.014699,         0.019418
  193,     5,        0.0074914,        0.0074914,         0.024561,         0.041154
  194,     1,        0.0025956,        0.0025956,         0.019744,         0.024224
  194,     2,        0.0020789,        0.0020789,         0.013343,         0.021679
  194,     3,        0.0044627,        0.0044627,         0.023961,         0.031764
  194,     4,        0.0025681,        0.0025681,         0.014241,         0.024095
  194,     5,        0.0068604,        0.0068604,         0.023194,         0.039383
  195,     1,        0.0015051,        0.0015051,         0.014173,         0.018446
  195,     2,        0.0030187,        0.0030187,         0.019751,         0.026124
  195,     3,        0.0053028,        0.0053028,         0.016577,         0.034624
  195,     4,        0.0027179,        0.0027179,          0.01794,         0.024788
  195,     5,        0.0054145,        0.0054145,          0.02242,         0.034987
  196,     1,        0.0024199,        0.0024199,         0.019763,          0.02339
  196,     2,        0.0048381,        0.0048381,         0.020173,         0.033072
  196,     3,        0.0043113,        0.0043113,         0.020736,          0.03122
  196,     4,        0.0022921,        0.0022921,         0.017795,         0.022764
  196,     5,       0.00048805,       0.00048805,        0.0082848,         0.010504
  197,     1,        0.0020461,        0.0020461,         0.016855,         0.021508
  197,     2,       0.00044896,       0.00044896,        0.0080808,         0.010075
  197,     3,        0.0040213,        0.0040213,         0.016031,         0.030152
  197,     4,        0.0034865,        0.0034865,         0.017117,         0.028076
  197,     5,        0.0021132,        0.0021132,         0.015107,         0.021858
  198,     1,        0.0028067,        0.0028067,         0.018542,          0.02519
  198,     2,        0.0019715,        0.0019715,          0.01548,         0.021112
  198,     3,        0.0031983,        0.0031983,         0.017856,          0.02689
  198,     4,       0.00029562,       0.00029562,        0.0066528,        0.0081752
  198,     5,        0.0064852,        0.0064852,         0.023073,         0.038291
  199,     1,        0.0017874,        0.0017874,         0.013654,         0.020102
  199,     2,         0.004551,         0.004551,         0.019258,         0.032076
  199,     3,       0.00043807,       0.00043807,        0.0074709,        0.0099518
  199,     4,        0.0025402,        0.0025402,           0.0183,         0.023964
  199,     5,        0.0086566,        0.0086566,         0.026731,         0.044239
  200,     1,         0.001582,         0.001582,          0.01409,         0.018912
  200,     2,        0.0014884,        0.0014884,         0.012308,         0.018344
  200,     3,       0.00066599,       0.00066599,        0.0096303,         0.012271
  200,     4,        0.0057573,        0.0057573,         0.017984,         0.036078
  200,     5,        0.0020025,        0.0020025,          0.01631,         0.021277
